pileup,weight,N_gen,gw_pos,gw_neg,muon_pt,muon_eta,muon_phi,muon_mass,met_pt,met_phi,met_eta,calo_met_pt,met_pt_pf,met_phi_pf,electron_pt,electron_eta,electron_phi,electron_mass,tau_pt,tau_eta,tau_phi,tau_mass,photon_pt,photon_eta,photon_phi,photon_mass,lead_jet_pt,lead_jet_eta,lead_jet_phi,lead_jet_mass,lead_jet_btag_csvv2,lead_jet_ch_hef,lead_jet2_pt,lead_jet2_eta,lead_jet2_phi,lead_jet2_mass,lead_jet2_btag_csvv2,lead_jet2_ch_hef,lead_jet3_pt,lead_jet3_eta,lead_jet3_phi,lead_jet3_mass,lead_jet3_btag_csvv2,lead_jet3_ch_hef,lead_jet4_pt,lead_jet4_eta,lead_jet4_phi,lead_jet4_mass,lead_jet4_btag_csvv2,lead_jet4_ch_hef
-999.0,-999.0,-999,-999,-999,[],[],[],[],232.16843,-0.33569336,0.0,146.5,221.31322,-0.18182373,[],[],[],[],[],[],[],[],[],[],[],[],201.625,0.34240723,2.6889648,27.21875,0.31201172,0.734375,56.0625,-0.60266113,1.1799316,10.609375,0.15698242,0.5859375,49.03125,-2.324707,-1.907959,7.8242188,0.28588867,0.5546875,23.984375,-1.8164062,-2.8896484,5.703125,0.5258789,0.6484375
-999.0,-999.0,-999,-999,-999,[],[],[],[],256.2272,-0.17745972,0.0,203.5,252.71819,-0.21707153,[6.65],[0.298],[2.61],[0.000598],[],[],[],[],[],[],[],[],235.125,0.0386734,3.1176758,24.671875,0.18249512,0.8515625,31.40625,0.26641846,1.472168,7.8125,0.5307617,0.42578125,24.375,1.5627441,0.5604248,6.5625,0.5522461,0.33984375,19.203125,-1.9604492,-2.5976562,5.4570312,0.52734375,0.46875
-999.0,-999.0,-999,-999,-999,[],[],[],[],282.8563,-0.32867432,0.0,219.375,273.83505,-0.26885986,[],[],[],[],[],[],[],[],[],[],[],[],238.25,1.4023438,2.9301758,39.3125,0.2454834,0.5078125,36.0625,1.7575684,2.349121,8.6484375,0.34399414,0.71875,35.15625,1.0219727,-2.9238281,7.109375,0.71533203,0.5859375,32.34375,1.4899902,0.5875244,6.0,0.19213867,0.5234375
-999.0,-999.0,-999,-999,-999,[],[],[],[],285.59424,0.27996826,0.0,214.125,286.18582,0.24404907,[],[],[],[],[],[],[],[],[],[],[],[],209.75,1.1281738,-2.7954102,10.4140625,0.085632324,0.8359375,41.0625,0.5498047,-3.0463867,9.375,0.17712402,0.703125,23.46875,0.10217285,-3.0463867,4.5546875,0.12890625,0.7578125,16.390625,2.3168945,-1.8193359,3.0742188,0.23254395,0.8515625
-999.0,-999.0,-999,-999,-999,[],[],[],[],215.61821,-2.8427734,0.0,184.5,220.04218,-2.8007812,[],[],[],[],[],[],[],[],[],[],[],[],519.0,-1.5419922,1.3369141,42.90625,0.62597656,0.8046875,466.5,-0.60339355,-1.4196777,29.15625,0.12359619,0.9765625,16.15625,1.6801758,2.479004,3.4863281,0.23388672,0.8046875,15.765625,1.0646973,2.5219727,3.2070312,0.13964844,0.8125
-999.0,-999.0,-999,-999,-999,[5.48],[0.488],[-2.37],[0.106],318.54315,1.0717773,0.0,210.25,314.03705,1.0568848,[],[],[],[],[],[],[],[],[],[],[],[],270.0,0.015268326,-2.0722656,31.625,0.070495605,0.8671875,32.875,0.5008545,-2.487793,6.7304688,0.56396484,0.890625,20.796875,1.6313477,-2.4282227,5.3203125,0.55322266,0.31640625,16.0625,-1.4951172,0.48376465,3.6328125,0.7939453,0.5546875
-999.0,-999.0,-999,-999,-999,[],[],[],[],328.466,-1.8637695,0.0,288.5,320.88382,-1.9533691,[7.73],[2.29],[1.79],[0.00751],[],[],[],[],[],[],[],[],312.0,-0.91711426,0.9156494,40.71875,0.34936523,0.30859375,40.375,1.4665527,2.1523438,8.8203125,0.11212158,0.7109375,32.5,-0.5562744,-1.2978516,7.0664062,0.4111328,0.6796875,27.578125,0.81066895,2.828125,6.7734375,0.5229492,0.7734375
-999.0,-999.0,-999,-999,-999,[],[],[],[],224.0171,-1.5974121,0.0,165.0,205.09637,-1.609375,[],[],[],[],[],[],[],[],"[19.1, 19, 18.1]","[0.0811, 0.0316, -0.0792]","[-2.77, -2.75, -2.76]","[1.03e-07, 2.63e-07, 1.41e-07]",260.25,0.774292,1.2287598,32.90625,0.083618164,0.4609375,110.0,0.0065145493,-2.7548828,13.234375,0.0960083,0.40625,19.703125,1.2126465,1.5429688,5.8125,-10.0,0.22070312,17.6875,2.1625977,0.43200684,4.3203125,0.7602539,0.71875
-999.0,-999.0,-999,-999,-999,[],[],[],[],278.24664,0.3834839,0.0,202.25,294.18097,0.48364258,[],[],[],[],[],[],[],[],[],[],[],[],222.5,0.3069458,-2.7177734,20.5,0.061309814,0.8125,25.8125,-0.008846283,2.8652344,5.546875,0.17895508,0.46875,21.34375,-1.7004395,-1.5400391,5.0507812,0.48535156,0.4765625,15.5703125,-0.59155273,-2.515625,3.3886719,-10.0,0.20703125
-999.0,-999.0,-999,-999,-999,[],[],[],[],219.47961,-2.7700195,0.0,166.75,197.66083,-2.746582,[],[],[],[],[],[],[],[],[],[],[],[],262.0,0.65930176,0.42523193,24.34375,0.066345215,0.9140625,63.40625,-0.79211426,-1.5498047,8.6953125,0.06390381,0.5546875,53.625,1.842041,2.6030273,10.25,0.48266602,0.9375,20.0625,1.467041,0.6817627,6.0234375,0.55371094,0.43359375
-999.0,-999.0,-999,-999,-999,[],[],[],[],290.4749,-3.0947266,0.0,263.25,315.96283,-3.090332,[],[],[],[],[],[],[],[],[],[],[],[],365.75,0.9592285,-0.23501587,30.75,0.18017578,0.9296875,81.375,-0.8182373,2.3730469,10.5625,0.07208252,0.8515625,67.75,-1.7436523,1.8876953,10.9765625,0.2084961,0.8125,28.234375,1.810791,-1.0651855,6.9570312,0.1472168,0.578125
-999.0,-999.0,-999,-999,-999,[3.37],[0.489],[2.09],[0.106],356.7287,1.7099609,0.0,284.25,349.9374,1.6518555,[],[],[],[],[],[],[],[],[],[],[],[],404.5,-1.6115723,-1.7456055,40.125,0.59375,0.6328125,130.875,-1.9494629,0.84350586,20.078125,0.10949707,0.984375,22.75,-1.0839844,-0.56152344,6.2304688,0.3918457,0.546875,22.09375,-2.1542969,-2.208496,5.234375,0.21960449,0.6640625
-999.0,-999.0,-999,-999,-999,[],[],[],[],378.34378,0.03250122,0.0,314.0,403.8257,0.0894928,[],[],[],[],[],[],[],[],[],[],[],[],239.625,0.43469238,-2.7856445,26.125,0.15234375,0.5234375,111.5,2.3706055,-3.053711,13.296875,0.2824707,0.71875,88.0625,2.2456055,2.196289,9.8359375,0.6386719,0.2421875,17.90625,1.0905762,1.2307129,3.7265625,0.15368652,0.421875
-999.0,-999.0,-999,-999,-999,[3.48],[-1.87],[1.58],[0.106],556.063,-2.4223633,0.0,472.0,530.5161,-2.3857422,[],[],[],[],[],[],[],[],[],[],[],[],526.0,1.7971191,0.6702881,33.40625,0.19226074,0.609375,28.53125,1.657959,1.3916016,6.21875,0.25341797,0.859375,18.8125,1.072998,-0.7890625,4.015625,0.7548828,0.16210938,16.609375,0.50341797,-2.9921875,3.890625,0.5283203,0.578125
-999.0,-999.0,-999,-999,-999,[],[],[],[],263.075,1.9177246,0.0,183.125,259.43256,1.8852539,[],[],[],[],[],[],[],[],[19.4],[0.532],[-2.58],[-3.15e-07],295.0,-1.3520508,-0.93115234,34.96875,0.08544922,0.7734375,104.3125,1.1801758,-2.8754883,20.734375,0.09246826,0.78125,37.9375,-1.2558594,0.6251221,6.8710938,0.45922852,0.36328125,37.84375,0.5506592,-2.6435547,6.6054688,0.5336914,0.044433594
-999.0,-999.0,-999,-999,-999,[],[],[],[],280.5252,0.5266113,0.0,209.5,275.08698,0.48937988,[],[],[],[],[],[],[],[],[],[],[],[],413.5,-1.3374023,-2.190918,50.125,0.20825195,0.30078125,209.5,-0.41278076,1.4160156,11.3359375,0.09802246,0.4296875,19.578125,1.2368164,1.7775879,5.0273438,0.14660645,0.5546875,15.375,-1.1791992,-0.86242676,3.6152344,0.14465332,0.5078125
-999.0,-999.0,-999,-999,-999,[],[],[],[],221.64653,-1.1838379,0.0,195.875,235.3051,-1.1047363,[],[],[],[],[],[],[],[],[14.5],[-0.809],[-1.97],[2.92e-07],271.5,0.9399414,1.2250977,35.5,0.06274414,0.84375,105.75,-1.5227051,-3.0253906,18.40625,0.7807617,0.59375,61.09375,-0.8015137,-2.0493164,12.984375,0.1105957,0.6640625,24.578125,2.3251953,2.8569336,4.546875,0.3334961,0.8984375
-999.0,-999.0,-999,-999,-999,[],[],[],[],330.86346,1.5959473,0.0,283.5,316.63467,1.5854492,[],[],[],[],[],[],[],[],[],[],[],[],381.5,0.2741089,-1.8334961,25.640625,0.11779785,0.8046875,75.1875,1.9858398,0.3897705,13.75,0.79833984,0.40625,23.53125,1.6149902,0.13833618,4.6171875,0.68115234,0.75,15.578125,2.1958008,0.8790283,4.140625,0.19970703,0.8125
-999.0,-999.0,-999,-999,-999,[],[],[],[],200.56874,-3.1083984,0.0,101.9375,168.70653,3.0273438,[],[],[],[],[],[],[],[],[],[],[],[],228.5,1.4125977,-0.41888428,17.453125,0.07598877,0.671875,188.125,-1.6835938,2.0097656,24.015625,0.27563477,0.671875,53.6875,-1.4824219,-0.9719238,11.1796875,0.35058594,0.5703125,48.53125,2.0561523,-1.3261719,8.0234375,0.14953613,0.96875
-999.0,-999.0,-999,-999,-999,[],[],[],[],250.49266,-1.8618164,0.0,218.25,272.78033,-1.7561035,[],[],[],[],[19],[0.0275],[-0.625],[1.22],[],[],[],[],255.875,-1.1057129,1.2509766,23.0,0.076538086,0.5625,26.5625,-0.19125366,-2.9160156,5.25,0.21850586,0.33984375,20.0,2.3330078,1.8623047,3.1875,0.5444336,0.953125,19.234375,0.028457642,-0.54296875,3.6621094,0.52685547,0.13867188
-999.0,-999.0,-999,-999,-999,[5.18],[-0.22],[-0.742],[0.106],256.41455,2.5234375,0.0,155.25,205.57317,2.4702148,[5.75],[1.56],[-0.776],[-0.00239],[],[],[],[],[11.8],[-1.01],[0.47],[1.69e-07],211.25,-0.20819092,-0.81640625,12.421875,0.1665039,0.6484375,51.90625,-0.99401855,0.31854248,13.203125,0.18371582,0.6875,16.9375,-2.1357422,3.0566406,4.9960938,0.5288086,0.38671875,15.4453125,2.3476562,0.7161865,3.2636719,0.6855469,0.37890625
-999.0,-999.0,-999,-999,-999,[5.44],[-2.08],[2.31],[0.106],240.59041,-2.2236328,0.0,181.0,208.51108,-2.2421875,[9.96],[-0.0547],[-0.696],[-0.00114],[],[],[],[],[14.7],[0.0253],[-0.321],[-5.89e-08],244.375,-0.7504883,1.6572266,21.625,0.70410156,0.9375,179.25,0.23626709,-0.26348877,28.984375,0.50146484,0.6640625,47.90625,-0.446167,3.0639648,5.671875,0.17663574,0.6953125,44.25,-0.18997192,-0.6287842,9.484375,0.16906738,0.7734375
-999.0,-999.0,-999,-999,-999,[],[],[],[],376.3068,-2.7304688,0.0,313.75,375.88358,-2.8359375,[],[],[],[],[],[],[],[],[],[],[],[],347.75,-0.15768433,0.43206787,23.046875,0.053009033,0.84375,51.90625,1.0070801,-1.1225586,6.5117188,0.08618164,0.9453125,49.6875,-0.6956787,1.9619141,9.8046875,0.111328125,0.8359375,42.65625,-2.1083984,0.23812866,8.421875,0.13830566,0.625
-999.0,-999.0,-999,-999,-999,[7.46],[-1.21],[-1.82],[0.106],517.6494,0.5644531,0.0,427.25,486.07654,0.58935547,[],[],[],[],[],[],[],[],[17.6],[0.225],[1.79],[3.32e-07],445.75,-1.4418945,-2.0444336,47.78125,0.13110352,0.921875,120.9375,-0.30212402,-2.8266602,17.703125,0.31079102,0.48046875,119.5,-0.070892334,2.2993164,15.6171875,0.7583008,0.71875,86.125,0.321167,1.8144531,15.75,0.19104004,0.6796875
-999.0,-999.0,-999,-999,-999,[3.85],[0.619],[-0.0206],[0.106],315.07535,-2.744629,0.0,194.5,301.63876,-2.817871,[],[],[],[],[],[],[],[],[],[],[],[],242.75,-0.1767273,0.40124512,42.6875,0.06896973,0.859375,30.546875,0.5070801,0.00051498413,8.3984375,0.10253906,0.640625,19.59375,0.4095459,0.52404785,4.0234375,0.15270996,0.796875,15.6875,1.263916,-1.3256836,4.3515625,0.55859375,0.37109375
-999.0,-999.0,-999,-999,-999,[],[],[],[],726.4119,0.32574463,0.0,658.0,721.0232,0.34362793,[],[],[],[],[],[],[],[],[],[],[],[],726.5,-0.50390625,-2.7158203,56.3125,0.1373291,0.34765625,37.53125,-0.87390137,1.9692383,6.890625,0.1361084,0.6796875,30.015625,2.118164,0.85424805,6.7539062,0.5551758,0.640625,18.03125,0.4911499,2.0141602,5.5585938,0.1895752,0.796875
-999.0,-999.0,-999,-999,-999,[],[],[],[],239.18361,2.3530273,0.0,162.75,232.2144,2.3554688,[],[],[],[],[],[],[],[],[],[],[],[],210.375,-0.08743286,-1.2263184,30.703125,0.20996094,0.6796875,62.875,-1.8278809,1.003418,8.578125,0.13146973,0.9140625,59.09375,1.3417969,-0.7486572,7.2929688,0.0803833,0.5546875,17.984375,-1.3063965,1.3835449,4.3320312,0.13598633,0.7421875
-999.0,-999.0,-999,-999,-999,[],[],[],[],283.3011,-0.37060547,0.0,235.0,318.21185,-0.43011475,[],[],[],[],[],[],[],[],[],[],[],[],252.375,0.3937378,2.612793,21.421875,0.0690918,0.4921875,69.875,-1.2163086,-1.9526367,10.1328125,0.1295166,0.546875,48.71875,-0.6154785,2.7651367,10.6484375,0.10443115,0.703125,36.96875,2.3588867,0.5220947,4.4023438,0.5229492,0.5390625
-999.0,-999.0,-999,-999,-999,[],[],[],[],330.2893,-0.29962158,0.0,221.125,305.7883,-0.29821777,[],[],[],[],[],[],[],[],"[15.7, 14.7]","[0.889, -0.534]","[1.3, 1.98]","[-1.69e-07, -3.15e-07]",278.0,-0.3781128,3.0546875,55.09375,0.21936035,0.8359375,39.40625,0.8256836,1.2839355,8.5546875,0.3557129,0.5078125,37.84375,-0.19152832,2.5927734,6.7109375,0.20739746,0.84375,29.234375,-0.4732666,2.015625,6.0898438,0.25708008,0.3046875
-999.0,-999.0,-999,-999,-999,[],[],[],[],201.01318,-1.5690918,0.0,119.3125,152.92476,-1.4599609,[],[],[],[],[],[],[],[],[14.9],[0.251],[-2.52],[2.15e-07],397.0,1.4460449,0.9169922,46.78125,0.7470703,0.7421875,143.625,-1.1828613,-2.6918945,19.296875,0.76416016,0.7109375,135.375,0.3739624,-2.6425781,20.578125,0.71533203,0.6015625,58.21875,-1.0168457,-2.2060547,12.7109375,0.11999512,0.734375
-999.0,-999.0,-999,-999,-999,[],[],[],[],232.95265,2.7373047,0.0,185.375,248.87244,2.6704102,[],[],[],[],[],[],[],[],[],[],[],[],208.625,0.25421143,-1.3503418,20.5625,0.101135254,0.5625,180.5,-0.6312256,0.826416,38.75,0.15625,0.35546875,28.71875,1.3210449,-0.625,5.921875,0.7026367,0.609375,15.03125,1.4208984,-0.111450195,2.6328125,-10.0,0.3984375
-999.0,-999.0,-999,-999,-999,[],[],[],[],264.82297,-0.4371338,0.0,236.375,283.8398,-0.1869812,[],[],[],[],[18.5],[-0.974],[0.169],[0.387],[],[],[],[],251.375,0.91174316,2.7192383,30.34375,0.5415039,0.8671875,31.484375,0.6854248,-2.3745117,5.859375,0.70996094,0.44140625,26.796875,0.6072998,3.128418,5.6367188,0.25927734,0.7109375,19.140625,0.07821655,0.1555481,5.0859375,0.2376709,0.828125
-999.0,-999.0,-999,-999,-999,[5.24],[-2.07],[2.39],[0.106],510.04956,1.8383789,0.0,416.0,511.93597,1.8474121,[],[],[],[],[],[],[],[],[],[],[],[],289.5,-0.9576416,-1.590332,24.0,0.27612305,0.6015625,151.75,-0.11103821,-0.6557617,12.828125,0.06854248,0.5,103.25,-0.34320068,-1.3056641,22.21875,0.18432617,0.6875,16.671875,1.1806641,3.119629,3.8847656,0.25952148,0.33984375
-999.0,-999.0,-999,-999,-999,[],[],[],[],370.53284,-1.829834,0.0,255.0,335.70078,-1.8649902,[],[],[],[],[],[],[],[],[],[],[],[],343.5,0.8555908,1.3400879,19.859375,0.06100464,0.7578125,16.859375,-1.4807129,1.3530273,3.7929688,0.20788574,0.8046875,15.828125,0.9000244,-0.47894287,3.8535156,-10.0,0.4296875,15.6875,1.6115723,-1.074707,2.7441406,0.5541992,0.6796875
-999.0,-999.0,-999,-999,-999,[],[],[],[],303.4693,-2.5029297,0.0,223.125,285.85825,-2.4902344,[8.88],[-0.396],[-0.0114],[0.00333],[],[],[],[],[],[],[],[],244.75,-0.7558594,0.45684814,25.1875,0.10192871,0.6640625,38.3125,-0.39404297,-0.036109924,6.796875,0.18395996,0.6640625,33.875,-0.11303711,1.5644531,7.0429688,0.1920166,0.4921875,20.890625,1.6791992,2.0942383,4.6210938,0.21618652,0.7890625
-999.0,-999.0,-999,-999,-999,[],[],[],[],413.20926,-0.19857788,0.0,288.5,410.0115,-0.22375488,[],[],[],[],[],[],[],[],[18.1],[-0.169],[2.74],[-3.82e-07],215.375,0.362854,-2.9282227,26.171875,0.09790039,0.6796875,191.875,-0.6672363,2.3447266,12.3984375,0.11602783,0.828125,41.59375,0.9451904,-1.5759277,5.4335938,0.23925781,0.35546875,34.65625,-0.18197632,2.6811523,4.84375,0.1595459,0.38671875
-999.0,-999.0,-999,-999,-999,[],[],[],[],224.75482,-0.50268555,0.0,187.875,194.18346,-0.24945068,[5.79],[-0.531],[-0.423],[-0.00207],[],[],[],[],[],[],[],[],242.5,2.0791016,2.5478516,14.7421875,0.12939453,0.31640625,22.953125,-1.09375,-2.418457,5.1640625,0.5307617,0.6875,20.875,-1.4494629,0.71899414,4.1601562,0.20202637,0.484375,20.78125,-1.1650391,-1.0227051,5.203125,0.17675781,0.5234375
-999.0,-999.0,-999,-999,-999,[],[],[],[],256.35202,0.6904297,0.0,241.125,256.1032,0.84802246,[5.98],[0.134],[2.33],[0.000994],[],[],[],[],[],[],[],[],274.25,0.30358887,-2.5605469,26.140625,0.15734863,0.26953125,24.890625,-0.3251953,0.016529083,5.1445312,0.52685547,0.9296875,20.625,-0.79260254,0.16262817,4.8164062,0.47436523,0.4921875,18.34375,-0.92749023,-0.44122314,3.4960938,0.5288086,0.34375
-999.0,-999.0,-999,-999,-999,[6.37],[0.766],[-0.411],[0.106],253.54407,0.8703613,0.0,227.125,280.1134,0.73461914,[],[],[],[],[],[],[],[],[],[],[],[],225.25,-0.26330566,-2.6679688,14.765625,0.12646484,0.390625,91.5,-1.9296875,-1.2700195,18.109375,0.42822266,0.8125,19.078125,1.302002,2.2509766,3.8535156,0.50878906,0.8046875,15.0703125,0.796875,-0.3619995,3.6757812,0.14233398,0.3515625
-999.0,-999.0,-999,-999,-999,[],[],[],[],219.98709,0.6772461,0.0,175.0,243.56764,0.7980957,[],[],[],[],[],[],[],[],[],[],[],[],251.875,1.0393066,-2.604004,27.8125,0.2043457,0.8203125,31.546875,-2.3862305,-0.38586426,3.7324219,0.31689453,0.84375,19.765625,-1.546875,-1.7507324,5.0976562,0.53222656,0.3671875,16.078125,-0.7904053,-1.7687988,3.9121094,0.5283203,0.33203125
-999.0,-999.0,-999,-999,-999,[],[],[],[],260.14194,-0.7648926,0.0,123.9375,207.54561,-0.5736084,[],[],[],[],[],[],[],[],[],[],[],[],206.625,-0.7438965,2.1850586,27.765625,0.12097168,0.640625,61.1875,0.37335205,3.0478516,12.015625,0.0748291,0.7421875,36.46875,-1.3581543,-0.2210083,8.0859375,0.41992188,0.6953125,23.9375,-1.1381836,-2.9516602,4.8242188,0.13537598,0.6640625
-999.0,-999.0,-999,-999,-999,[],[],[],[],363.79428,2.5800781,0.0,305.25,376.83807,2.6020508,[],[],[],[],[],[],[],[],[14.2],[-1.68],[1.23],[-4.77e-07],302.25,-0.319458,-0.50598145,23.765625,0.16467285,0.34765625,52.96875,1.2231445,-0.6356201,8.046875,0.14477539,0.8671875,17.328125,-1.7099609,1.2109375,2.1171875,-10.0,0.095703125,15.8359375,-0.07266235,-1.1833496,3.6152344,0.5263672,0.21484375
-999.0,-999.0,-999,-999,-999,[],[],[],[],221.68019,-0.032585144,0.0,218.375,260.4132,-0.017906189,[],[],[],[],[18.7],[1.71],[-0.547],[0.14],[10.4],[-0.0776],[1.8],[1.04e-07],239.125,0.34466553,-2.5576172,21.84375,0.074645996,0.49609375,101.375,0.40039062,1.6342773,20.984375,0.056121826,0.7265625,35.0625,-0.38269043,-3.1157227,8.5390625,0.5625,0.65625,28.703125,1.6696777,-0.5616455,4.5664062,-10.0,0.875
-999.0,-999.0,-999,-999,-999,[],[],[],[],204.51878,-2.9804688,0.0,149.875,232.32323,-3.0151367,[],[],[],[],[],[],[],[],[],[],[],[],212.5,-1.2827148,-0.13909912,23.625,0.07714844,0.875,51.96875,0.66882324,1.8337402,10.3671875,0.09436035,0.6484375,23.25,0.69641113,-1.5476074,4.484375,0.14453125,0.53125,15.5625,0.32287598,0.049049377,3.8476562,0.52783203,0.25390625
-999.0,-999.0,-999,-999,-999,[],[],[],[],297.8799,1.3425293,0.0,309.25,342.54135,1.2858887,[],[],[],[],[],[],[],[],[],[],[],[],345.75,-0.66796875,-1.9023438,34.78125,0.31958008,0.8203125,18.796875,0.07084656,-0.85632324,3.6933594,-10.0,0.42578125,17.0,-1.5307617,-0.8416748,4.4140625,-10.0,0.796875,16.15625,-1.7124023,0.49621582,3.4765625,0.21704102,0.78125
-999.0,-999.0,-999,-999,-999,[],[],[],[],256.4312,1.8579102,0.0,188.75,252.99857,1.8679199,[],[],[],[],[],[],[],[],[],[],[],[],229.125,-1.8637695,-1.9897461,18.71875,0.19580078,0.796875,117.3125,-1.6853027,0.26745605,12.3984375,0.12359619,0.953125,79.375,0.19396973,-0.8112793,14.09375,0.46069336,0.734375,16.984375,-0.35827637,-0.7305908,2.8964844,0.5263672,0.1484375
-999.0,-999.0,-999,-999,-999,[],[],[],[],299.02698,1.7646484,0.0,210.75,285.9993,1.7580566,[],[],[],[],[],[],[],[],[],[],[],[],438.75,1.1184082,-2.1240234,80.0,0.25854492,0.7890625,272.25,-1.3127441,0.5720215,28.71875,0.18078613,0.8125,78.4375,-1.984375,1.2268066,8.578125,0.074523926,0.890625,63.84375,0.1878357,-1.1098633,13.8359375,0.12585449,0.5
-999.0,-999.0,-999,-999,-999,[],[],[],[],383.6341,-0.28863525,0.0,309.25,380.47073,-0.35101318,[],[],[],[],[],[],[],[],[],[],[],[],286.0,-0.79785156,2.227539,33.09375,0.17077637,0.734375,187.75,-0.43774414,-3.104004,18.65625,0.1015625,0.734375,91.75,-1.9025879,-1.3962402,16.34375,0.20507812,0.8125,16.375,-0.8491211,-0.9366455,3.6328125,0.34301758,0.609375
-999.0,-999.0,-999,-999,-999,[],[],[],[],225.31036,-1.6137695,0.0,160.25,192.33322,-1.6225586,[],[],[],[],[],[],[],[],[],[],[],[],225.125,0.74609375,0.651001,14.515625,0.10675049,0.828125,81.375,-0.38024902,-2.7456055,13.109375,0.19799805,0.71875,75.125,0.3322754,2.0942383,13.7265625,0.26904297,0.8515625,46.125,-0.64331055,2.7802734,8.1875,0.0982666,0.9453125
-999.0,-999.0,-999,-999,-999,[],[],[],[],306.33795,-1.0131836,0.0,267.25,315.6914,-1.0231934,[],[],[],[],[],[],[],[],[17.3],[2.28],[-0.0383],[0],229.625,-0.4378662,2.5615234,34.65625,0.07421875,0.5625,213.875,0.9779053,2.399414,18.3125,0.049713135,0.921875,164.375,0.5638428,0.11634827,18.6875,0.49145508,0.859375,35.6875,2.3125,0.022079468,7.328125,0.72802734,0.33203125
-999.0,-999.0,-999,-999,-999,[],[],[],[],280.183,2.921875,0.0,218.625,253.41907,2.9331055,[],[],[],[],[],[],[],[],[],[],[],[],259.0,-0.6751709,-0.08529663,22.6875,0.28735352,0.8671875,34.625,-1.2993164,-1.1152344,7.0273438,0.19396973,0.6953125,21.0,2.1225586,1.8422852,4.1210938,0.54248047,0.076171875,17.296875,0.04938507,-0.10412598,3.0683594,0.5361328,0.921875
-999.0,-999.0,-999,-999,-999,[],[],[],[],294.93564,-0.80700684,0.0,200.5,285.29184,-0.786499,[],[],[],[],[],[],[],[],[],[],[],[],262.25,-0.50061035,2.3935547,29.640625,0.16357422,0.6484375,23.515625,-1.0285645,1.706543,4.0703125,0.25146484,0.5234375,15.0234375,0.39678955,-3.0009766,3.4472656,0.36767578,0.65625,15.0078125,1.1203613,1.4067383,3.0,0.20288086,0.49609375
-999.0,-999.0,-999,-999,-999,[],[],[],[],246.97974,3.0620117,0.0,161.75,235.62257,-3.078125,[],[],[],[],[],[],[],[],[],[],[],[],252.75,-1.0695801,0.021175385,25.390625,0.41235352,0.671875,21.015625,-1.3193359,-1.9306641,5.2421875,-10.0,0.12109375,20.234375,-2.322754,-0.8753662,4.90625,0.5292969,0.6796875,16.828125,1.0891113,2.446289,4.28125,-10.0,0.04638672
-999.0,-999.0,-999,-999,-999,[],[],[],[],273.86325,-1.2629395,0.0,169.25,238.26755,-1.265625,[],[],[],[],[],[],[],[],[],[],[],[],203.25,-1.4980469,1.9978027,28.6875,0.22070312,0.890625,24.3125,-1.4931641,1.527832,4.4765625,0.15991211,0.5546875,19.078125,-0.03717041,1.9006348,3.8320312,-10.0,0.3046875,16.640625,1.404541,1.5126953,4.015625,0.15698242,0.5703125
-999.0,-999.0,-999,-999,-999,[],[],[],[],256.68353,2.6342773,0.0,195.125,232.8141,2.697754,[],[],[],[],[20],[-0.429],[0.422],[0.734],[],[],[],[],232.0,-0.5430908,-0.47351074,27.890625,0.16479492,0.5546875,34.75,-0.45684814,0.40802002,6.6835938,0.33081055,0.5703125,33.78125,-1.6623535,-2.7490234,6.9140625,0.15979004,0.8671875,27.453125,-0.9842529,-0.3227539,4.546875,0.7988281,0.5078125
-999.0,-999.0,-999,-999,-999,[],[],[],[],235.04391,0.38604736,0.0,169.375,260.03815,0.52893066,[7.15],[0.744],[-2.48],[0.00266],[],[],[],[],[],[],[],[],242.75,-0.9259033,-3.0527344,20.703125,0.3095703,0.8125,43.125,-1.6918945,-0.77783203,9.8046875,0.21472168,0.71875,30.625,0.6939697,-2.5014648,8.15625,0.12939453,0.6953125,28.3125,-1.0097656,-1.5791016,5.9765625,0.43725586,0.859375
-999.0,-999.0,-999,-999,-999,[],[],[],[],569.0955,2.925293,0.0,468.75,573.3202,2.9194336,[],[],[],[],[],[],[],[],[],[],[],[],495.0,-1.4794922,-0.060775757,70.4375,0.48632812,0.48046875,74.25,-0.65930176,0.031806946,15.125,0.11706543,0.5,66.625,0.22644043,-1.920166,12.78125,0.14880371,0.7109375,22.828125,-0.13601685,-1.4060059,3.53125,0.22521973,0.25390625
-999.0,-999.0,-999,-999,-999,[4.62],[0.92],[1.16],[0.106],310.39758,-3.109375,0.0,273.0,358.014,3.0751953,[],[],[],[],[],[],[],[],[],[],[],[],283.25,1.0490723,0.05782318,36.0,0.1817627,0.41796875,45.5625,-0.008733749,-0.15722656,11.609375,0.46289062,0.49609375,22.0,-0.004732132,-0.98046875,6.1484375,0.29882812,0.6484375,21.078125,1.1821289,0.88952637,6.1796875,0.5439453,0.5234375
-999.0,-999.0,-999,-999,-999,[],[],[],[],309.89777,1.4187012,0.0,213.625,270.161,1.5405273,[],[],[],[],[],[],[],[],[],[],[],[],220.75,-0.51135254,-1.8500977,25.171875,0.06958008,0.8984375,44.28125,-0.41131592,-1.0354004,9.078125,0.16064453,0.828125,21.0,-0.0020976067,-1.9182129,4.7460938,0.33813477,0.43359375,20.0,0.35839844,-1.1379395,3.8027344,0.16369629,0.8828125
-999.0,-999.0,-999,-999,-999,[],[],[],[],257.7641,-0.09086609,0.0,174.5,243.52019,0.02426529,[],[],[],[],[],[],[],[],[],[],[],[],204.75,-0.023162842,2.9731445,37.8125,0.09039307,0.609375,19.046875,-1.8342285,-2.0517578,6.0234375,0.5283203,0.765625,17.234375,0.45281982,3.078125,3.5,0.14916992,0.46484375,15.59375,-0.5545654,0.6949463,3.4550781,0.31640625,0.4921875
-999.0,-999.0,-999,-999,-999,[],[],[],[],284.23926,2.2011719,0.0,154.75,245.21071,2.2280273,[],[],[],[],[],[],[],[],[],[],[],[],228.125,-1.0270996,-0.9864502,49.40625,0.14257812,0.78125,24.25,-0.64733887,-0.69799805,3.5078125,0.14929199,0.48828125,22.75,0.090789795,-0.98828125,6.0625,0.22399902,0.609375,17.9375,-0.9921875,1.6682129,3.9375,-10.0,0.041992188
-999.0,-999.0,-999,-999,-999,[],[],[],[],216.05551,-2.4731445,0.0,167.75,219.87814,-2.40625,[],[],[],[],[],[],[],[],[],[],[],[],224.25,-0.66552734,1.5385742,27.390625,0.08984375,0.90625,132.5,-1.5603027,-0.64489746,21.703125,0.1619873,0.7421875,29.546875,-2.371582,-0.4909668,7.375,0.5336914,0.265625,23.75,0.056755066,0.98547363,5.7148438,0.3984375,0.48828125
-999.0,-999.0,-999,-999,-999,[7.45],[0.575],[2.66],[0.106],253.96283,-0.5201416,0.0,154.375,252.38078,-0.50390625,[],[],[],[],[],[],[],[],[20.7],[0.71],[2.58],[3.37e-07],210.25,0.62890625,2.8115234,39.8125,0.08239746,0.6171875,27.046875,0.9017334,1.9172363,6.4882812,0.13989258,0.7734375,18.203125,1.854248,1.9763184,4.8242188,0.27319336,0.8984375,17.03125,1.206543,-2.993164,4.515625,0.55908203,0.40625
-999.0,-999.0,-999,-999,-999,[],[],[],[],239.82895,-2.916504,0.0,207.25,258.38547,-2.9189453,[],[],[],[],[],[],[],[],[],[],[],[],244.625,0.76330566,0.2168274,20.703125,0.118896484,0.5234375,36.65625,-2.2670898,-1.5795898,6.3203125,0.27075195,0.5390625,18.640625,0.16625977,2.0917969,4.1328125,0.28271484,0.5390625,15.40625,1.2502441,0.9659424,3.8320312,0.19433594,0.609375
-999.0,-999.0,-999,-999,-999,[],[],[],[],216.72426,1.7739258,0.0,152.375,234.6491,1.8059082,[],[],[],[],[],[],[],[],[],[],[],[],212.625,-1.5771484,-1.1435547,27.625,0.13903809,0.48828125,56.5,-1.2712402,-3.1245117,9.015625,0.42089844,0.5234375,30.84375,-0.9786377,-1.4311523,5.4101562,0.15808105,0.3984375,27.984375,-1.5646973,1.017334,2.9414062,0.4182129,0.5859375
-999.0,-999.0,-999,-999,-999,[],[],[],[],206.51506,1.6135254,0.0,167.125,228.82051,1.7336426,[],[],[],[],[],[],[],[],[],[],[],[],486.0,-0.9848633,-2.1601562,33.8125,0.1015625,0.8828125,373.25,-1.7468262,0.7158203,29.5,0.47070312,0.6640625,33.1875,0.54907227,-1.4204102,7.3945312,0.3623047,0.140625,25.359375,-1.9040527,-1.934082,4.9414062,0.12719727,0.90625
-999.0,-999.0,-999,-999,-999,[3.73],[-1.03],[-2.83],[0.106],217.47049,0.30358887,0.0,147.125,223.36723,0.25665283,[],[],[],[],[],[],[],[],[],[],[],[],209.75,-1.1381836,-2.5429688,26.078125,0.10406494,0.671875,50.0625,1.4047852,2.2421875,9.59375,0.11828613,0.7109375,20.5,1.8193359,1.2719727,4.5820312,0.34545898,0.7734375,18.78125,0.8598633,-3.0024414,4.7070312,-10.0,0.140625
-999.0,-999.0,-999,-999,-999,[],[],[],[],243.73508,-2.0825195,0.0,164.125,222.42316,-2.0385742,[],[],[],[],[],[],[],[],[],[],[],[],209.125,1.0029297,1.0402832,25.671875,0.073913574,0.8046875,54.96875,1.0412598,0.38708496,9.8515625,0.40185547,0.75,26.03125,-0.29907227,-2.7050781,5.359375,0.22399902,0.5859375,17.859375,1.4970703,1.5539551,3.7011719,0.36767578,0.24804688
-999.0,-999.0,-999,-999,-999,[],[],[],[],273.3112,1.2834473,0.0,174.375,223.05472,1.3049316,[],[],[],[],[18],[-2.27],[2.01],[0.14],[],[],[],[],244.625,-1.1601562,-1.5141602,25.484375,0.06842041,0.546875,101.6875,-1.8925781,3.0668945,13.8125,0.06536865,0.546875,31.578125,-2.2597656,1.9680176,4.984375,0.6923828,0.9609375,23.140625,-1.7202148,-1.1308594,5.046875,0.18249512,0.5234375
-999.0,-999.0,-999,-999,-999,[],[],[],[],607.33636,-2.5683594,0.0,472.25,571.6747,-2.5791016,[],[],[],[],[],[],[],[],[13.8],[-2.13],[-2.56],[-6.74e-07],459.5,-0.27972412,-0.17840576,24.265625,0.09918213,0.6796875,322.0,0.07054138,1.5908203,18.484375,0.07318115,0.6171875,68.1875,-1.7348633,0.9300537,10.7421875,0.14501953,0.9140625,21.078125,-1.1396484,0.7774658,4.3359375,0.1850586,0.8828125
-999.0,-999.0,-999,-999,-999,[6.05],[-0.591],[-2.65],[0.106],464.6989,0.378479,0.0,301.25,456.63083,0.35943604,[],[],[],[],[],[],[],[],[],[],[],[],338.5,1.8088379,3.133789,30.546875,0.13598633,0.75,57.40625,0.2598877,-2.0688477,10.8203125,0.2631836,0.734375,55.1875,-1.25,-1.831543,9.0,0.77441406,0.8046875,33.34375,-0.5296631,-2.612793,5.9804688,0.2052002,0.65625
-999.0,-999.0,-999,-999,-999,[],[],[],[],263.32495,1.4455566,0.0,232.75,253.19016,1.567627,[],[],[],[],[],[],[],[],[],[],[],[],293.0,0.28259277,-1.5197754,28.0625,0.5385742,0.24804688,28.828125,2.1333008,2.9951172,5.0585938,0.5366211,0.71875,19.015625,-0.011445999,2.0385742,5.5078125,0.23303223,0.65625,17.0625,-0.29870605,2.822754,4.5976562,0.24023438,0.5
-999.0,-999.0,-999,-999,-999,[],[],[],[],232.90218,-2.7827148,0.0,222.75,257.09726,-2.762207,[],[],[],[],[19.9],[-1.23],[2.56],[0.14],[],[],[],[],250.875,-1.2128906,0.23840332,28.40625,0.29101562,0.6015625,48.25,-1.230957,2.677246,8.640625,0.10900879,0.8125,39.28125,-0.9289551,-0.394104,9.3359375,0.29101562,0.3046875,19.203125,0.14187622,2.1679688,4.84375,0.4111328,0.375
-999.0,-999.0,-999,-999,-999,[],[],[],[],248.98058,-1.9343262,0.0,210.375,225.12761,-1.9130859,[],[],[],[],[],[],[],[],[],[],[],[],329.25,-0.13937378,1.4638672,26.375,0.10839844,0.578125,130.25,-0.37683105,-1.017334,12.6640625,0.15136719,0.984375,41.375,-0.040542603,1.9780273,4.1289062,0.06951904,0.6328125,17.859375,0.7003174,2.0458984,3.5195312,0.53125,0.6015625
-999.0,-999.0,-999,-999,-999,[],[],[],[],252.03699,2.9702148,0.0,167.375,267.0756,2.7783203,[],[],[],[],[],[],[],[],[],[],[],[],204.25,1.0024414,-0.089401245,20.5,0.16992188,0.3046875,34.625,0.044288635,-1.4584961,7.8554688,0.118652344,0.6171875,21.796875,-0.78430176,0.21466064,7.3046875,0.33984375,0.6640625,21.046875,0.71435547,0.63635254,6.0039062,0.53515625,0.6484375
-999.0,-999.0,-999,-999,-999,[],[],[],[],257.77145,1.4780273,0.0,151.0,232.97379,1.5119629,[],[],[],[],[],[],[],[],[],[],[],[],208.75,0.24450684,-2.0390625,25.3125,0.061645508,0.8359375,66.625,-0.7426758,0.3178711,7.0546875,0.12145996,0.49609375,44.0625,-0.2888794,-1.7866211,7.6523438,0.0904541,0.7421875,23.453125,-2.0268555,-1.2290039,4.2070312,0.15368652,0.796875
-999.0,-999.0,-999,-999,-999,[],[],[],[],225.52261,-1.6494141,0.0,172.0,215.25375,-1.7253418,[],[],[],[],[],[],[],[],[],[],[],[],233.75,-0.5102539,1.7487793,22.796875,0.09136963,0.9375,44.09375,2.234375,0.8220215,8.3515625,0.13049316,0.953125,27.484375,1.479248,-0.31469727,6.5664062,0.5517578,0.3046875,15.078125,1.154541,0.24822998,3.6894531,0.64941406,0.3984375
-999.0,-999.0,-999,-999,-999,[3.48],[-2.22],[2.08],[0.106],237.91743,-1.8654785,0.0,247.625,282.78976,-1.7114258,[],[],[],[],[],[],[],[],[],[],[],[],232.875,-0.5131836,1.2155762,24.46875,0.0713501,0.453125,19.671875,0.9086914,2.6547852,4.7851562,0.1661377,0.796875,18.859375,-1.1948242,-0.1880188,4.8789062,0.5307617,0.53125,18.28125,-1.888916,1.9980469,3.953125,0.52685547,0.3125
-999.0,-999.0,-999,-999,-999,[],[],[],[],265.56796,-0.83776855,0.0,300.75,289.5795,-0.8378906,[],[],[],[],[],[],[],[],[],[],[],[],399.0,-0.8121338,2.5458984,15.859375,0.29345703,0.2890625,159.125,-1.234375,-0.31018066,15.5078125,0.044708252,0.9453125,28.453125,-0.2532959,2.493164,6.4921875,0.36376953,0.32421875,18.671875,1.1962891,-0.121276855,5.1992188,0.20300293,0.6171875
-999.0,-999.0,-999,-999,-999,[],[],[],[],328.72253,-2.1044922,0.0,255.25,322.3485,-2.0795898,[7.86],[-1.71],[0.774],[0.00157],[],[],[],[],[],[],[],[],283.75,-1.9123535,1.3085938,34.75,0.22619629,0.5390625,80.25,-1.7595215,0.7581787,13.0078125,0.10040283,0.5,67.4375,-1.1611328,-1.1450195,11.1015625,0.06359863,0.75,17.65625,-0.7661133,1.5180664,4.5117188,0.39916992,0.30859375
-999.0,-999.0,-999,-999,-999,[3.42],[0.676],[2.26],[0.106],308.10352,-1.8564453,0.0,169.5,283.3847,-1.8139648,[9.16],[1.22],[1.39],[0.00265],[],[],[],[],[],[],[],[],271.0,1.1437988,1.4611816,28.34375,0.2668457,0.7578125,24.796875,1.3171387,0.8845215,5.2070312,0.29882812,0.5,24.125,-0.4543457,-0.121902466,4.9570312,0.21557617,0.7109375,16.765625,-2.137207,2.6845703,3.7558594,0.5292969,0.8203125
-999.0,-999.0,-999,-999,-999,[4.1],[0.437],[-0.978],[0.106],344.1041,2.7006836,0.0,288.0,347.11426,2.7089844,[],[],[],[],[],[],[],[],[12.3],[0.684],[-0.417],[2.38e-07],314.75,-0.44213867,-0.14691162,30.421875,0.07293701,0.796875,104.3125,-0.08117676,-1.7741699,17.71875,0.092163086,0.7890625,21.375,0.26837158,0.8293457,5.4765625,0.13476562,0.765625,19.34375,0.7607422,-0.32958984,3.7558594,0.5336914,0.09863281
-999.0,-999.0,-999,-999,-999,[],[],[],[],332.64047,-3.0024414,0.0,235.0,321.07404,-3.1044922,[5.43],[0.692],[0.311],[-0.00145],[],[],[],[],[],[],[],[],219.5,-1.701416,0.16345215,17.375,0.3798828,0.10449219,73.6875,0.019260406,-0.11340332,14.5546875,0.07525635,0.7734375,19.796875,1.9887695,0.9470215,4.9140625,0.5522461,0.34375,19.359375,-1.5795898,0.81469727,3.6640625,0.6953125,0.59375
-999.0,-999.0,-999,-999,-999,[],[],[],[],242.74115,-1.7197266,0.0,222.0,229.69936,-1.8344727,[],[],[],[],[],[],[],[],[],[],[],[],251.5,-0.7110596,1.5754395,21.109375,0.06201172,0.8203125,30.53125,-0.670166,0.6311035,6.8789062,0.18518066,0.453125,24.859375,1.4938965,3.0908203,6.2734375,0.1899414,0.6953125,22.0,-1.095459,-0.16772461,6.0,0.13122559,0.6796875
-999.0,-999.0,-999,-999,-999,[],[],[],[],224.02876,-1.8198242,0.0,138.625,215.49332,-1.9633789,[],[],[],[],[],[],[],[],[],[],[],[],224.0,1.2373047,1.1850586,20.5,0.22607422,0.5390625,17.75,-0.8565674,3.0058594,3.8046875,0.3071289,0.4609375,16.15625,-0.37835693,1.4013672,4.4023438,-10.0,0.859375,15.984375,0.4416504,1.4758301,4.5820312,0.5288086,0.53125
-999.0,-999.0,-999,-999,-999,[],[],[],[],344.01364,-2.3442383,0.0,319.5,365.9213,-2.2143555,[8.45],[0.168],[-0.461],[-0.00151],[],[],[],[],[],[],[],[],328.5,0.30822754,0.94384766,35.09375,0.54589844,0.609375,31.09375,0.15289307,-0.41308594,6.3554688,0.18969727,0.65625,23.03125,1.7243652,-0.3661499,5.0703125,0.21447754,0.44140625,22.015625,-0.8585205,0.9645996,3.8359375,0.5283203,0.8984375
-999.0,-999.0,-999,-999,-999,[4.12],[-0.582],[1.8],[0.106],218.32777,-1.3005371,0.0,159.25,194.827,-1.6567383,[],[],[],[],[],[],[],[],[],[],[],[],209.25,-0.548584,1.7163086,18.53125,0.7998047,0.7734375,23.609375,2.0620117,0.10369873,5.8476562,0.55371094,0.671875,20.234375,-1.0964355,0.8477783,5.75,0.53027344,0.46484375,19.875,-1.7731934,0.2904663,4.3398438,0.53222656,0.578125
-999.0,-999.0,-999,-999,-999,[],[],[],[],220.61003,0.47198486,0.0,165.25,237.28706,0.3463745,[],[],[],[],[],[],[],[],[],[],[],[],265.25,-1.1987305,-2.3950195,27.46875,0.070495605,0.75,92.5,0.5626221,0.9736328,14.78125,0.07940674,0.7578125,44.6875,1.411377,2.6699219,8.46875,0.32543945,0.296875,25.9375,-0.49157715,-2.8510742,5.3203125,0.22827148,0.546875
-999.0,-999.0,-999,-999,-999,[],[],[],[],242.24861,-0.67944336,0.0,232.875,310.27634,-0.56188965,[],[],[],[],[],[],[],[],[],[],[],[],214.625,-0.8880615,2.5620117,37.59375,0.18408203,0.5703125,59.25,0.11105347,1.3725586,8.8046875,0.17504883,0.38671875,25.734375,0.19949341,-1.7253418,5.9570312,0.25805664,0.765625,22.828125,1.9370117,1.6706543,6.1132812,0.4169922,0.78125
-999.0,-999.0,-999,-999,-999,[],[],[],[],265.55807,-2.862793,0.0,208.625,224.07407,-2.9111328,[],[],[],[],[],[],[],[],[],[],[],[],300.25,0.11035156,0.19717407,22.65625,0.50341797,0.10839844,44.59375,-1.6787109,2.7041016,10.171875,0.21691895,0.6875,16.875,2.0214844,-1.3562012,4.0585938,0.48999023,0.6796875,15.015625,1.800293,0.6641846,3.3066406,0.5527344,0.26953125
-999.0,-999.0,-999,-999,-999,[],[],[],[],257.73682,-0.69018555,0.0,241.25,272.49466,-0.7269287,[],[],[],[],[],[],[],[],[],[],[],[],256.75,0.22875977,2.1782227,37.53125,0.06365967,0.7265625,43.28125,-1.621582,-2.114746,7.5039062,0.43676758,0.7265625,19.0,-0.039985657,2.8203125,4.8984375,0.2434082,0.5625,15.8203125,-1.1015625,-2.1342773,4.0,0.17529297,0.8203125
-999.0,-999.0,-999,-999,-999,[],[],[],[],240.06142,2.1655273,0.0,181.875,246.67348,2.3452148,[],[],[],[],[],[],[],[],[11.8],[2.03],[-0.14],[-8.26e-07],218.0,0.6607666,-0.96728516,26.734375,0.08703613,0.65625,18.578125,2.0039062,-0.13027954,3.2734375,-10.0,0.2578125,18.453125,1.2290039,0.56677246,4.6835938,0.63378906,0.37109375,17.8125,-2.0385742,2.7045898,4.8945312,0.52490234,0.5703125
-999.0,-999.0,-999,-999,-999,[],[],[],[],227.764,-1.1262207,0.0,162.75,232.94955,-0.9708252,[],[],[],[],[],[],[],[],[],[],[],[],232.875,-1.2280273,2.1010742,31.421875,0.23095703,0.8359375,32.46875,-0.6842041,1.8933105,7.9804688,0.23010254,0.75,23.3125,-0.01808548,-1.925293,4.78125,0.52685547,0.48828125,19.703125,-1.7624512,-0.51086426,3.78125,0.50146484,0.8671875
-999.0,-999.0,-999,-999,-999,[],[],[],[],207.59818,0.62719727,0.0,183.375,221.0211,0.6248779,[],[],[],[],[],[],[],[],[],[],[],[],274.25,-0.33306885,-3.083496,31.1875,0.10241699,0.7734375,120.625,1.8225098,-0.6878662,24.609375,0.2878418,0.8203125,35.65625,1.2460938,-0.68188477,5.46875,0.12597656,0.6640625,15.84375,-0.79418945,-1.7355957,2.5546875,-10.0,0.06640625
-999.0,-999.0,-999,-999,-999,[],[],[],[],209.73969,1.517334,0.0,147.125,187.35419,1.6237793,[],[],[],[],[19.4],[1.12],[0.795],[0.616],[18.3],[1.12],[0.798],[3.37e-07],200.75,1.4797363,-1.6115723,20.796875,0.14465332,0.6171875,26.53125,1.1154785,0.81640625,3.5292969,0.5419922,0.103515625,18.09375,-0.5571289,-1.5383301,4.0820312,0.22106934,0.59375,15.453125,1.3881836,-1.0661621,2.7402344,-10.0,0.26953125
-999.0,-999.0,-999,-999,-999,[],[],[],[],486.45782,-0.8881836,0.0,385.25,476.60934,-0.9248047,[],[],[],[],[],[],[],[],[],[],[],[],366.0,-0.03492737,2.168457,28.96875,0.24291992,0.546875,94.1875,-1.4912109,2.4433594,18.375,0.33666992,0.26171875,22.203125,-1.7253418,2.9360352,5.375,0.32348633,0.37890625,17.53125,-1.4289551,1.1872559,3.3183594,0.5541992,0.26953125
-999.0,-999.0,-999,-999,-999,[],[],[],[],233.68633,0.6854248,0.0,180.25,227.6803,0.62145996,[],[],[],[],[],[],[],[],[],[],[],[],210.0,-0.5001221,-2.3808594,29.109375,0.15319824,0.6796875,23.203125,-0.40197754,2.284668,6.0507812,0.7807617,0.32421875,15.90625,0.31237793,-1.7768555,2.8398438,0.52734375,0.10058594,15.4296875,-0.30877686,-1.9008789,3.5859375,0.23449707,0.37890625
-999.0,-999.0,-999,-999,-999,[],[],[],[],456.02133,0.63708496,0.0,329.25,428.13416,0.6611328,[],[],[],[],[],[],[],[],[],[],[],[],353.75,-1.5258789,-2.7617188,36.34375,0.49951172,0.90625,97.8125,-0.7578125,-1.526123,14.9140625,0.1538086,0.6953125,26.859375,-1.3674316,-1.7038574,5.7539062,0.23815918,0.6484375,23.875,-1.0776367,-2.2871094,5.3632812,0.36450195,0.46875
-999.0,-999.0,-999,-999,-999,[],[],[],[],251.66103,-2.9350586,0.0,164.75,258.62848,-2.9169922,[9.66],[-0.842],[0.649],[-0.000637],[],[],[],[],[],[],[],[],212.0,-0.5506592,0.17501831,18.4375,0.07293701,0.8671875,30.65625,-0.85424805,0.6479492,5.8359375,0.13098145,0.671875,18.640625,1.1606445,-0.45166016,3.3769531,0.22351074,0.828125,15.2578125,1.7563477,-1.2089844,3.2539062,-10.0,0.13085938
-999.0,-999.0,-999,-999,-999,[5.12],[2.13],[0.115],[0.106],282.38205,-2.9916992,0.0,224.0,278.89618,-2.9609375,[],[],[],[],[],[],[],[],[12.1],[0.987],[-1.43],[0],216.0,2.147461,0.20907593,34.65625,0.2619629,0.75,23.921875,2.3466797,-0.19674683,4.2695312,0.4169922,0.609375,19.421875,1.0461426,-1.4462891,3.3515625,0.36401367,0.21679688,15.578125,-2.3789062,1.0136719,2.4296875,-10.0,0.45703125
-999.0,-999.0,-999,-999,-999,[],[],[],[],203.61122,-2.237793,0.0,144.375,174.89969,-2.150879,[],[],[],[],[],[],[],[],[],[],[],[],202.25,-2.286621,0.69628906,16.984375,0.15649414,0.7265625,39.375,1.7543945,2.5751953,9.78125,0.28051758,0.6953125,22.546875,-1.9082031,-0.71191406,4.0664062,0.7060547,0.8046875,18.96875,0.123291016,1.6560059,3.7050781,-10.0,0.057128906
-999.0,-999.0,-999,-999,-999,[],[],[],[],474.46164,-2.109375,0.0,293.5,431.64905,-2.1557617,[],[],[],[],[],[],[],[],[],[],[],[],300.75,-0.6937256,0.8934326,34.09375,0.09472656,0.7265625,119.125,1.7746582,1.246582,20.546875,0.11810303,0.7578125,19.46875,-1.7214355,2.1118164,4.2773438,0.18688965,0.8203125,17.0625,-1.4433594,-0.088775635,3.9960938,0.21105957,0.49609375
-999.0,-999.0,-999,-999,-999,[],[],[],[],262.99838,2.552246,0.0,212.125,319.41156,2.4736328,"[8.32, 7.83]","[-1.69, -1.32]","[2.79, -1.77]","[-0.00474, 0.00418]",[],[],[],[],[17.3],[-1.45],[-1.18],[0],223.625,-1.4387207,0.29296875,25.046875,0.14807129,0.3828125,125.5,-0.37878418,-1.5844727,17.296875,0.10809326,0.6796875,75.0625,-1.3891602,-1.2680664,18.578125,0.55859375,0.46875,39.34375,-1.3815918,-1.8181152,7.9882812,0.5917969,0.875
-999.0,-999.0,-999,-999,-999,[],[],[],[],253.74977,0.61816406,0.0,214.75,255.66658,0.71240234,[],[],[],[],[],[],[],[],[],[],[],[],265.5,-2.3427734,-2.8198242,10.828125,0.19555664,0.8984375,93.875,-0.5999756,-0.06782532,10.0859375,0.06781006,0.8203125,60.25,-0.6020508,-2.0229492,9.96875,0.06719971,0.6875,16.390625,-1.7868652,1.3962402,2.4433594,-10.0,0.84375
-999.0,-999.0,-999,-999,-999,[],[],[],[],384.07593,0.7702637,0.0,314.25,370.67688,0.6230469,[],[],[],[],[],[],[],[],[14.4],[-1.83],[3.03],[0],300.75,0.18984985,-1.9506836,28.25,0.4362793,0.3125,121.75,-1.5908203,2.9648438,19.390625,0.4543457,0.44921875,34.71875,-1.098877,1.8059082,8.1640625,0.53027344,0.37890625,23.78125,-1.0073242,-1.3193359,4.84375,0.5292969,0.16210938
-999.0,-999.0,-999,-999,-999,[],[],[],[],296.34576,2.1386719,0.0,232.75,265.7778,2.0698242,[],[],[],[],[],[],[],[],[],[],[],[],277.5,-0.22921753,-1.1428223,19.578125,0.07232666,0.59375,20.5625,-1.9091797,-0.052207947,2.7148438,0.19470215,0.96875,17.90625,-2.3774414,-2.503418,3.7539062,-10.0,0.17382812,15.9140625,-0.04071045,0.5008545,3.6855469,0.6777344,0.44921875
-999.0,-999.0,-999,-999,-999,"[6.92, 6.24, 4.35]","[-0.0886, -0.115, -0.0743]","[2.97, 2.87, 2.84]","[0.106, 0.106, 0.106]",278.6365,-0.13638306,0.0,156.375,288.7349,-0.15939331,[8.96],[-1.15],[-2.46],[0.00231],[],[],[],[],[],[],[],[],264.0,-0.081344604,2.8886719,32.84375,0.5019531,0.7421875,24.5625,1.3786621,-1.7641602,5.1640625,0.17004395,0.671875,17.6875,-1.2258301,-2.338379,3.0566406,-10.0,0.546875,17.34375,1.8234863,-2.8833008,5.0351562,0.5527344,0.6953125
-999.0,-999.0,-999,-999,-999,"[4.85, 3.36]","[-0.351, -2.16]","[-3.07, -2.32]","[0.106, 0.106]",271.28592,2.7558594,0.0,186.0,295.48544,2.8583984,[],[],[],[],[],[],[],[],[],[],[],[],221.75,0.32244873,-0.14920044,27.921875,0.081604004,0.796875,79.875,-1.4736328,-1.7001953,14.109375,0.23583984,0.8671875,35.21875,-0.9765625,0.4381714,6.8945312,0.24633789,0.8125,17.453125,-1.7529297,1.3874512,4.5,-10.0,0.4921875
-999.0,-999.0,-999,-999,-999,[],[],[],[],234.19603,-0.16522217,0.0,191.375,231.69656,-0.19726562,[],[],[],[],[],[],[],[],[],[],[],[],216.125,-0.6414795,3.025879,23.046875,0.36914062,0.65625,23.984375,-1.9997559,-2.9746094,4.9296875,0.20922852,0.5546875,21.03125,-2.2202148,0.7528076,3.4667969,0.15759277,0.5234375,16.4375,1.1113281,-2.5639648,4.3828125,0.7841797,0.484375
-999.0,-999.0,-999,-999,-999,[],[],[],[],251.78255,3.0405273,0.0,235.375,257.51797,3.0405273,[6.11],[0.0907],[-2.23],[-0.000302],[],[],[],[],[],[],[],[],278.75,0.107421875,0.29144287,23.34375,0.18676758,0.5390625,32.375,-1.206543,-1.890625,5.8710938,0.20178223,0.875,23.90625,-0.83374023,-1.0351562,5.3554688,0.20959473,0.7734375,20.609375,1.2160645,-1.1315918,5.7695312,0.17138672,0.7265625
-999.0,-999.0,-999,-999,-999,"[3.43, 3.34]","[0.668, -2.24]","[-1.75, -2.27]","[0.106, 0.106]",236.71715,2.2944336,0.0,173.5,236.78795,2.2314453,[],[],[],[],[],[],[],[],[],[],[],[],240.25,0.20593262,-0.47387695,22.40625,0.18945312,0.9453125,65.875,0.018501282,-3.0668945,11.5625,0.20043945,0.71875,34.3125,0.8111572,-1.8425293,6.9257812,0.14404297,0.6953125,28.453125,0.32965088,-1.4428711,6.296875,0.15930176,0.609375
-999.0,-999.0,-999,-999,-999,[],[],[],[],200.85645,-3.1245117,0.0,102.3125,168.35019,-2.9360352,[],[],[],[],[],[],[],[],[],[],[],[],218.25,-0.18832397,0.5698242,22.640625,0.6142578,0.796875,139.5,2.131836,-2.1391602,14.859375,0.16589355,0.6875,68.0,1.7368164,0.5286865,11.4765625,0.14050293,0.7890625,19.515625,1.5056152,1.4916992,4.21875,0.55566406,0.4296875
-999.0,-999.0,-999,-999,-999,[],[],[],[],245.3636,-0.703125,0.0,212.75,230.45612,-0.79870605,[],[],[],[],[],[],[],[],[],[],[],[],221.375,1.189209,2.4291992,20.828125,0.28076172,0.44140625,19.015625,-2.0131836,0.5305176,4.890625,0.5288086,0.46484375,15.6796875,1.8676758,1.1936035,4.421875,0.2590332,0.71875,15.4296875,2.036621,-2.7646484,3.2265625,-10.0,0.39453125
-999.0,-999.0,-999,-999,-999,[],[],[],[],399.75623,2.7509766,0.0,299.5,425.2622,2.709961,[],[],[],[],[],[],[],[],[11.2],[0.0983],[1.24],[1.84e-07],279.75,0.0008100271,0.2857666,26.203125,0.06762695,0.65625,169.125,-2.3286133,-1.5605469,14.921875,0.42773438,0.24023438,124.6875,-1.4284668,-1.1938477,15.859375,0.1517334,0.7578125,44.4375,-2.3325195,1.670166,7.6953125,0.42456055,0.734375
-999.0,-999.0,-999,-999,-999,[8.26],[-1.63],[0.657],[0.106],273.87756,-2.7001953,0.0,143.5,241.11896,-2.503418,[6.55],[0.00285],[3.12],[0.000684],[],[],[],[],[],[],[],[],245.125,-1.6540527,0.73498535,31.546875,0.41308594,0.5859375,42.75,-1.3659668,-0.07675171,9.8671875,0.27563477,0.71875,34.6875,0.4376831,-1.9790039,7.0,0.32373047,0.453125,32.1875,0.42138672,-1.0075684,6.4648438,0.2088623,0.6875
-999.0,-999.0,-999,-999,-999,[],[],[],[],558.24335,-0.5740967,0.0,392.0,538.4082,-0.56469727,[],[],[],[],[],[],[],[],[],[],[],[],334.0,0.5888672,2.7612305,32.71875,0.1986084,0.8203125,105.375,-0.5040283,2.286621,25.140625,0.15002441,0.875,73.375,0.20355225,2.2851562,10.46875,0.67089844,0.859375,51.5625,-1.0627441,2.3867188,10.921875,0.083740234,0.44140625
-999.0,-999.0,-999,-999,-999,[8.19],[2.04],[2.28],[0.106],226.78091,-0.5012207,0.0,162.0,252.34755,-0.46099854,[],[],[],[],[18.2],[0.494],[-2.72],[0.14],[],[],[],[],210.375,-0.51208496,2.682129,37.8125,0.16003418,0.703125,31.6875,0.5028076,-2.7426758,6.8007812,0.6801758,0.90625,23.015625,-1.2443848,-3.1074219,6.1367188,0.5395508,0.48046875,19.0625,2.1083984,2.2700195,4.109375,0.37304688,0.203125
-999.0,-999.0,-999,-999,-999,[5.56],[0.312],[-0.77],[0.106],307.95322,2.5361328,0.0,259.25,267.2992,2.4453125,[],[],[],[],[18.1],[-0.0696],[1.26],[0.871],[],[],[],[],285.25,0.18130493,-0.76452637,40.625,0.17102051,0.9296875,25.90625,-0.05382538,1.2858887,5.1640625,0.17663574,0.5546875,24.515625,1.1008301,-0.8084717,6.78125,0.5439453,0.31640625,21.046875,1.6240234,0.5258789,5.390625,0.2915039,0.49609375
-999.0,-999.0,-999,-999,-999,[3.79],[-1.21],[2.56],[0.106],238.98947,-0.11804199,0.0,173.0,256.17764,-0.011947632,[],[],[],[],[],[],[],[],"[24.2, 22, 15.9, 14.6, 13]","[-1.39, -1.59, -1.34, -1.47, -0.112]","[2.67, 2.9, 2.91, 2.81, 2.68]","[8.26e-07, 0, 4.77e-07, 5.84e-07, 1.78e-07]",207.875,-1.4763184,2.8354492,41.90625,0.13000488,0.515625,49.28125,2.1826172,-2.0981445,8.7109375,0.18640137,0.796875,21.015625,-0.08631897,2.7470703,3.9277344,-10.0,0.19335938,20.46875,-0.41918945,-2.118164,5.4609375,0.52685547,0.21679688
-999.0,-999.0,-999,-999,-999,[],[],[],[],218.22466,-2.5229492,0.0,178.75,211.16638,-2.666504,[],[],[],[],[],[],[],[],[],[],[],[],232.0,0.62927246,0.7833252,45.40625,0.70166016,0.6328125,146.25,0.6248779,-1.8845215,19.90625,0.059295654,0.8203125,108.0,0.33361816,1.223877,18.90625,0.12719727,0.890625,26.40625,1.7026367,0.31329346,5.3515625,0.27001953,0.8359375
-999.0,-999.0,-999,-999,-999,[3.35],[-1.13],[-1.02],[0.106],565.9337,-0.2588501,0.0,506.0,585.8847,-0.28082275,[],[],[],[],[],[],[],[],[],[],[],[],545.0,-0.84814453,2.6069336,32.125,0.796875,0.5234375,145.75,-0.58374023,-1.6936035,16.296875,0.20080566,0.9296875,53.96875,-0.7574463,-2.96875,6.7265625,0.1665039,0.8828125,17.875,-0.013467789,1.2648926,4.2578125,0.13867188,0.8359375
-999.0,-999.0,-999,-999,-999,[],[],[],[],222.14162,-1.8796387,0.0,192.125,230.76556,-1.644043,[],[],[],[],[],[],[],[],[],[],[],[],242.125,-0.24761963,1.4914551,20.421875,0.0848999,0.9453125,33.90625,-0.27270508,-0.8800049,4.3945312,0.51953125,0.07128906,20.390625,1.1386719,2.4326172,5.4023438,0.53759766,0.099609375,16.96875,0.5319824,1.932373,4.4609375,0.5288086,0.3828125
-999.0,-999.0,-999,-999,-999,[],[],[],[],362.9137,2.2182617,0.0,216.5,341.05383,2.1938477,[],[],[],[],[],[],[],[],[],[],[],[],208.75,0.101989746,-1.3493652,27.390625,0.1739502,0.46484375,91.6875,0.6600342,-0.25909424,15.0703125,0.11413574,0.625,56.46875,-1.440918,-0.7285156,12.8515625,0.3112793,0.59375,28.109375,0.19308472,0.16012573,6.6835938,0.22851562,0.640625
-999.0,-999.0,-999,-999,-999,[5.76],[-0.0369],[-3.04],[0.106],305.5834,0.18728638,0.0,252.25,283.3743,0.32440186,[8.69],[-0.642],[-2.27],[0.0024],[],[],[],[],[],[],[],[],215.375,-0.11244202,2.9941406,24.578125,0.09246826,0.59375,111.0,-0.59375,-2.2382812,15.796875,0.13891602,0.36328125,16.09375,2.2016602,-0.751709,4.2382812,0.54248047,0.7421875,15.4765625,1.114502,-0.9613037,2.1640625,-10.0,0.11230469
-999.0,-999.0,-999,-999,-999,[],[],[],[],233.7925,3.0688477,0.0,178.375,210.53363,3.005371,[5.46],[2.15],[-3.02],[0.0101],[],[],[],[],[],[],[],[],237.375,2.0917969,0.086517334,21.703125,0.19763184,0.90625,55.5,1.7104492,-2.3310547,9.1875,0.43554688,0.953125,38.03125,1.6123047,-0.3701172,9.7109375,0.19836426,0.78125,18.625,0.11218262,2.1010742,3.8925781,0.14099121,1.0
-999.0,-999.0,-999,-999,-999,[],[],[],[],252.96512,0.020011902,0.0,146.25,239.39885,-0.007896423,[],[],[],[],[],[],[],[],[],[],[],[],233.625,-0.5909424,-3.0097656,33.34375,0.072509766,0.8359375,22.46875,-0.55114746,1.9562988,5.671875,0.22485352,0.5,17.59375,-0.54016113,2.644043,4.4257812,0.16113281,0.5234375,16.1875,1.791748,0.9909668,3.9628906,0.2722168,0.4921875
-999.0,-999.0,-999,-999,-999,[],[],[],[],289.09784,-0.9564209,0.0,251.75,294.33752,-1.0322266,[],[],[],[],[],[],[],[],[],[],[],[],325.25,-0.3517456,2.4018555,41.28125,0.20837402,0.7421875,30.921875,1.942627,-0.23486328,5.265625,0.32983398,0.71875,20.125,1.342041,-0.1149292,2.7148438,0.13439941,0.5390625,15.7421875,-2.0410156,0.26983643,4.0039062,0.7675781,0.7734375
-999.0,-999.0,-999,-999,-999,[],[],[],[],334.9935,-2.911621,0.0,310.0,342.03528,-2.885254,[],[],[],[],[],[],[],[],[16.6],[0.078],[-1.8],[2.67e-07],380.25,-1.3354492,1.298584,40.875,0.123046875,0.7109375,283.75,-1.3242188,-0.7570801,41.09375,0.12976074,0.6015625,75.25,0.15930176,-1.880127,14.8671875,0.30004883,0.34765625,40.8125,1.7792969,-0.013719559,7.1796875,0.16137695,0.6484375
-999.0,-999.0,-999,-999,-999,[3.06],[-1.34],[-2.64],[0.106],383.10388,-0.88378906,0.0,282.0,388.32986,-0.9473877,[],[],[],[],[],[],[],[],[],[],[],[],308.25,-0.70861816,2.8447266,64.5625,0.51171875,0.6328125,234.5,0.885376,0.9449463,19.234375,0.0904541,0.7578125,26.421875,-2.2944336,2.3886719,4.1796875,0.13623047,0.6328125,24.515625,-2.3920898,2.9301758,4.7460938,0.16503906,0.515625
-999.0,-999.0,-999,-999,-999,[],[],[],[],241.3666,3.1333008,0.0,200.0,269.48575,-3.1123047,[],[],[],[],[],[],[],[],[],[],[],[],205.25,0.27172852,-0.13153076,23.046875,0.09088135,0.796875,32.53125,0.024841309,-0.59521484,4.8945312,0.5283203,0.059570312,24.015625,-1.3239746,0.3225708,5.1445312,0.23461914,0.515625,16.109375,-1.8669434,0.46002197,3.4082031,0.19433594,0.49609375
-999.0,-999.0,-999,-999,-999,[3.71],[1.34],[0.573],[0.106],240.87135,0.58081055,0.0,170.5,250.8396,0.5292969,[],[],[],[],[],[],[],[],[],[],[],[],226.375,1.5585938,-1.9384766,29.25,0.17102051,0.734375,71.0,-0.9091797,2.1987305,10.4765625,0.09399414,0.5625,52.875,0.6693115,3.0595703,8.453125,0.06951904,0.7578125,19.953125,0.3482666,2.5888672,3.8847656,0.55615234,0.8359375
-999.0,-999.0,-999,-999,-999,[7.39],[1.81],[2.08],[0.106],247.09586,-0.8709717,0.0,148.625,236.89906,-0.9361572,[],[],[],[],[],[],[],[],[14],[-0.222],[2.07],[1.52e-07],246.0,1.7797852,1.9306641,41.59375,0.22424316,0.90625,105.75,0.6213379,-1.6665039,7.7460938,0.087402344,0.6328125,32.09375,1.8623047,2.8608398,6.2460938,0.13366699,0.7265625,30.3125,-0.22174072,2.0917969,5.1445312,0.36572266,0.9296875
-999.0,-999.0,-999,-999,-999,[],[],[],[],206.72398,-0.89086914,0.0,170.5,203.03384,-0.8892822,[],[],[],[],[],[],[],[],[],[],[],[],212.625,1.8156738,2.321289,28.109375,0.13903809,0.6796875,20.53125,0.017036438,-0.3711548,4.765625,0.14160156,0.78125,18.0,2.3051758,-1.8879395,4.984375,0.29858398,0.734375,16.421875,2.3310547,1.6152344,4.09375,0.5107422,0.84375
-999.0,-999.0,-999,-999,-999,[],[],[],[],234.22629,-2.7524414,0.0,209.125,231.27261,-2.7851562,[],[],[],[],[],[],[],[],[],[],[],[],246.625,-0.095184326,0.680542,19.9375,0.066711426,0.84375,32.25,-0.9926758,-1.1650391,6.59375,0.16540527,0.8203125,28.953125,0.7232666,-1.7346191,5.625,0.35205078,0.44140625,24.328125,-1.7431641,-1.557373,5.96875,0.5336914,0.546875
